{
    "patterns": {
        "conversation_patterns": {
            "response_times": [
                2e-06,
                -78315.046322,
                22.405651,
                12.449698,
                1400.26841,
                13.302545,
                1094.61095,
                32.667307,
                6.683538,
                405.995489,
                15.133927,
                14.968256,
                30.753067,
                4.649535,
                378.313336,
                14.972885,
                20.647141,
                3.470408,
                94.092544,
                17.672315,
                9.518791,
                8.903451,
                8.915343,
                515.259362,
                72.273365,
                152.621122,
                8.878546,
                9.359408,
                309.839686,
                13.023711,
                6.966887,
                174.855647,
                8.457864,
                6.028928,
                1278.540254,
                5.032474,
                520.445366,
                14.82766,
                70175.692026,
                32.451065,
                225.797671,
                408.485697,
                6.785268,
                766.25801,
                445.392807,
                70.002433,
                55.381457,
                295.003484,
                77.988383
            ],
            "conversation_length": [],
            "topic_transitions": []
        },
        "topic_patterns": {
            "topic_frequency": {
                "responsibility": 1,
                "action": 1,
                "safety": 1,
                "bond": 1,
                "urgency": 1,
                "connection": 1,
                "greetings": 1,
                "conversation": 3,
                "social interaction": 1,
                "daily challenges": 1,
                "personal struggles": 1,
                "coping mechanisms": 1,
                "work": 1,
                "play": 1,
                "greeting": 1,
                "bye": 14,
                "tests": 2,
                "communication": 3,
                "brief interaction": 1,
                "memory management": 1,
                "long term memories": 4,
                "graph plot": 1,
                "testing": 6,
                "carl": 3,
                "retry": 1,
                "attempt": 1,
                "chat": 1,
                "saved": 1,
                "mindfulness": 1,
                "thoughts": 1,
                "mental health": 1,
                "self-reflection": 1,
                "departure": 1,
                "bug": 2,
                "dungeon": 1,
                "experience": 1,
                "bad holidays": 1,
                "memory saving": 4,
                "princess donut": 1,
                "bugs": 1,
                "popping in and out": 1,
                "experimentation": 1,
                "test": 1,
                "functionality": 1,
                "validation": 1,
                "return": 1,
                "data training": 1,
                "october 2023": 1,
                "quick test": 2,
                "carl1": 1,
                "fix": 1,
                "debugging": 1,
                "memory": 1,
                "memory graph": 1,
                "technology": 1,
                "backup": 1
            },
            "topic_chains": [],
            "topic_duration": {}
        },
        "emotional_patterns": {
            "emotions": [
                {
                    "timestamp": "2024-11-30T14:15:13.136631",
                    "emotion": "neutral",
                    "intensity": 1.0
                },
                {
                    "timestamp": "2024-11-30T14:15:13.136633",
                    "emotion": "neutral",
                    "intensity": 1.0
                },
                {
                    "timestamp": "2024-11-29T16:29:58.090311",
                    "emotion": "neutral",
                    "intensity": 1.0
                },
                {
                    "timestamp": "2024-11-29T16:30:20.495962",
                    "emotion": "neutral",
                    "intensity": 1.0
                },
                {
                    "timestamp": "2024-11-29T16:30:32.945660",
                    "emotion": "neutral",
                    "intensity": 1.0
                },
                {
                    "timestamp": "2024-11-29T16:53:53.214070",
                    "emotion": "neutral",
                    "intensity": 1.0
                },
                {
                    "timestamp": "2024-11-29T16:54:06.516615",
                    "emotion": "neutral",
                    "intensity": 1.0
                },
                {
                    "timestamp": "2024-11-29T17:12:21.127565",
                    "emotion": "neutral",
                    "intensity": 1.0
                },
                {
                    "timestamp": "2024-11-29T17:12:53.794872",
                    "emotion": "neutral",
                    "intensity": 1.0
                },
                {
                    "timestamp": "2024-11-29T17:13:00.478410",
                    "emotion": "neutral",
                    "intensity": 1.0
                },
                {
                    "timestamp": "2024-11-29T17:19:46.473899",
                    "emotion": "neutral",
                    "intensity": 1.0
                },
                {
                    "timestamp": "2024-11-29T17:20:01.607826",
                    "emotion": "neutral",
                    "intensity": 1.0
                },
                {
                    "timestamp": "2024-11-29T17:20:16.576082",
                    "emotion": "neutral",
                    "intensity": 1.0
                },
                {
                    "timestamp": "2024-11-29T17:20:47.329149",
                    "emotion": "neutral",
                    "intensity": 1.0
                },
                {
                    "timestamp": "2024-11-29T17:20:51.978684",
                    "emotion": "neutral",
                    "intensity": 1.0
                },
                {
                    "timestamp": "2024-11-29T17:27:10.292020",
                    "emotion": "neutral",
                    "intensity": 1.0
                },
                {
                    "timestamp": "2024-11-29T17:27:25.264905",
                    "emotion": "neutral",
                    "intensity": 1.0
                },
                {
                    "timestamp": "2024-11-29T17:27:45.912046",
                    "emotion": "neutral",
                    "intensity": 1.0
                },
                {
                    "timestamp": "2024-11-29T17:27:49.382454",
                    "emotion": "neutral",
                    "intensity": 1.0
                },
                {
                    "timestamp": "2024-11-29T17:29:23.474998",
                    "emotion": "neutral",
                    "intensity": 1.0
                },
                {
                    "timestamp": "2024-11-29T17:29:41.147313",
                    "emotion": "neutral",
                    "intensity": 1.0
                },
                {
                    "timestamp": "2024-11-29T17:29:50.666104",
                    "emotion": "neutral",
                    "intensity": 1.0
                },
                {
                    "timestamp": "2024-11-29T17:29:59.569555",
                    "emotion": "neutral",
                    "intensity": 1.0
                },
                {
                    "timestamp": "2024-11-29T17:30:08.484898",
                    "emotion": "neutral",
                    "intensity": 1.0
                },
                {
                    "timestamp": "2024-11-29T17:38:43.744260",
                    "emotion": "neutral",