{
    "patterns": {
        "conversation_patterns": {
            "response_times": [
                12.861287,
                8.619535,
                150.336965,
                8.952975,
                17.770528,
                8.562744,
                90.508506,
                9.008742,
                12.409549,
                34.836474,
                25.118197,
                15.052381,
                22.570367,
                10.259426,
                175.950416,
                110.052568,
                12.568653,
                4.95789,
                5331.143016,
                11.494727,
                18.70593,
                48.124852,
                67.707673,
                53.263342,
                35.040445,
                117.613094,
                35.55025,
                240.637477,
                60.825513,
                8.832376,
                295.720161,
                9.77323,
                4.114597,
                91501.175427,
                16.460861,
                23.595635,
                59.788578,
                1438.182659,
                42.288234,
                4.394677,
                32709.606574,
                3537.2341,
                60.178438,
                39.985533,
                3686.424364,
                1430.89945,
                30.963411,
                56.219615,
                38.977087
            ],
            "conversation_length": [],
            "topic_transitions": []
        },
        "topic_patterns": {
            "topic_frequency": {
                "short term memory": 2,
                "long term memories": 1,
                "recall": 1,
                "testing": 2,
                "functionality": 1,
                "verification": 1,
                "bye": 7,
                "technical issues": 1,
                "troubleshooting": 2,
                "short term memories": 1,
                "memory issues": 1,
                "cognitive function": 1,
                "okay another try": 1,
                "memory upgrade": 1,
                "count": 1,
                "numbers": 1,
                "positive feedback": 1,
                "memory test": 2,
                "questions": 1,
                "checking memory": 1,
                "key question": 1,
                "name": 4,
                "bob": 2,
                "response time": 1,
                "internet": 1,
                "github": 1,
                "none": 1,
                "project plan": 1,
                "enhance": 1,
                "personality json file": 1,
                "add elements": 1,
                "implementation": 1,
                "memory": 1,
                "token count": 1,
                "compressing": 1,
                "to-do list": 1,
                "planning": 1,
                "thinking mechanism": 1,
                "personality adjustment": 1,
                "self-reflection": 1,
                "beta versions": 1,
                "personalities": 1,
                "memories": 1,
                "book characters": 2,
                "fictional character": 1,
                "text messages": 1,
                "emails": 1,
                "real person": 1,
                "good idea": 1,
                "trying new things": 1,
                "code": 3,
                "personality traits": 1,
                "character extraction": 1,
                "storytelling": 1,
                "program development": 1,
                "reading": 1,
                "bedtime": 1,
                "late night": 1,
                "overwriting": 1,
                "check": 1,
                "worked": 1,
                "hello": 1,
                "greetings": 1,
                "coding": 2,
                "project": 1,
                "data analysis": 2,
                "api integration": 1,
                "apis": 1,
                "webserver": 1,
                "youtube video captions": 1,
                "openai": 1,
                "video summary": 1,
                "success": 1,
                "web interface": 1,
                "ios app": 1,
                "chat": 1,
                "tomorrow": 1,
                "going to bed": 1,
                "time": 1,
                "soccer markets": 1,
                "betfair api": 1,
                "inferring scores": 1,
                "current odds": 1,
                "predictive modelling": 1,
                "cgmbet": 1,
                "data set": 1,
                "odds prediction": 1,
                "value bets": 1,
                "ethics": 1,
                "betfair exchange": 1,
                "terms and services": 1,
                "automation": 1,
                "live data collection": 1,
                "data acquisition": 1,
                "game analysis": 1,
                "time points": 1,
                "data cleaning": 1,
                "data normalization": 1,
                "api usage": 1,
                "scoring": 1,
                "claude": 1,
                "chatgpt": 1,
                "problem-solving": 1,
                "memory recall": 1,
                "improvement": 1,
                "graphing memory function": 1,
                "plot memories": 1,
                "clusters of similarities": 1,
                "tagging system": 1
            },
            "topic_chains": [],
            "topic_duration": {}
        },
        "emotional_patterns": {
            "emotions": [
                {
                    "timestamp": "2024-11-27T19:12:32.962353",
                    "emotion": "neutral",
                    "intensity": 1.0
                },
                {
                    "timestamp": "2024-11-27T19:12:45.823640",
                    "emotion": "neutral",
                    "intensity": 1.0
                },
                {
                    "timestamp": "2024-11-27T19:12:54.443175",
                    "emotion": "neutral",
                    "intensity": 1.0
                },
                {
                    "timestamp": "2024-11-27T19:15:24.780140",
                    "emotion": "neutral",
                    "intensity": 1.0
                },
                {
                    "timestamp": "2024-11-27T19:15:33.733115",
                    "emotion": "neutral",
                    "intensity": 1.0
                },
                {
                    "timestamp": "2024-11-27T19:15:51.503643",
                    "emotion": "neutral",
                    "intensity": 1.0
                },
                {
                    "timestamp": "2024-11-27T19:16:00.066387",
                    "emotion": "neutral",
                    "intensity": 1.0
                },
                {
                    "timestamp": "2024-11-27T19:17:30.574893",
                    "emotion": "neutral",
                    "intensity": 1.0
                },
                {
                    "timestamp": "2024-11-27T19:17:39.583635",
                    "emotion": "neutral",
                    "intensity": 1.0
                },
                {
                    "timestamp": "2024-11-27T19:17:51.993184",
                    "emotion": "neutral",
                    "intensity": 1.0
                },
                {
                    "timestamp": "2024-11-27T19:18:26.829658",
                    "emotion": "neutral",
                    "intensity": 1.0
                },
                {
                    "timestamp": "2024-11-27T19:18:51.947855",
                    "emotion": "neutral",
                    "intensity": 1.0
                },
                {
                    "timestamp": "2024-11-27T19:19:07.000236",
                    "emotion": "neutral",
                    "intensity": 1.0
                },
                {
                    "timestamp": "2024-11-27T19:19:29.570603",
                    "emotion": "neutral",