{
    "patterns": {
        "conversation_patterns": {
            "response_times": [
                4.648554,
                719.444135,
                31.919768,
                26.456613,
                35.863011,
                23.38861,
                5.980626,
                7717.731627,
                41.126132,
                33.635317,
                142.68832,
                5.233119,
                1264.049432,
                12.270306,
                6.02554,
                1223.719009,
                23.410716,
                6.286159,
                135.835768,
                5.54753,
                147.810424,
                4.907601,
                333.046162,
                122.127809,
                12.37665,
                65.03113,
                3.356737,
                342.756139,
                4.300587,
                443.124111,
                3.863026,
                9959.243385,
                38.347663,
                77.37489,
                268.490345,
                60.541318,
                9.335772,
                35.165194,
                35.417154,
                48.703349,
                49.255062,
                36.241046,
                352.869185,
                5.45341,
                32.937319,
                267.981672,
                167.780535,
                101.130999,
                48.09169
            ],
            "conversation_length": [],
            "topic_transitions": []
        },
        "topic_patterns": {
            "topic_frequency": {
                "task completion": 1,
                "time management": 1,
                "bye": 13,
                "long term memories": 2,
                "short term memories": 1,
                "git": 1,
                "coffee": 4,
                "milk": 1,
                "simplicity": 1,
                "coding": 1,
                "substack": 1,
                "youtube comment summariser": 1,
                "chat": 2,
                "thinking": 1,
                "memory restoration": 1,
                "memory": 3,
                "honey": 1,
                "substack article": 1,
                "publishing": 1,
                "youtube video summarisation": 1,
                "download captions": 1,
                "openai api": 1,
                "testing": 2,
                "data": 2,
                "october 2023": 3,
                "memory saving": 1,
                "long term memory": 2,
                "memory function": 1,
                "bugs": 3,
                "troubleshooting": 3,
                "software development": 1,
                "saving memory": 1,
                "communication": 1,
                "quick test": 1,
                "new test": 1,
                "bob": 1,
                "works": 1,
                "quick response": 1,
                "test": 2,
                "alternate personalities": 1,
                "consolidated memory files": 1,
                "corrupted": 1,
                "missaved": 1,
                "memory files": 1,
                "code": 1,
                "personality creation": 1,
                "epub books": 1,
                "character name": 1,
                "tags": 1,
                "backups": 1,
                "chat bot": 1,
                "dungeon crawler carl": 1,
                "carl": 1,
                "dungeon idea": 1,
                "memories": 3,
                "saving issues": 1,
                "quick fix": 1,
                "debug": 1,
                "interaction": 1,
                "memory graph": 1,
                "error": 1,
                "graph": 1,
                "fixing issues": 1,
                "documentation": 1,
                "memory graphs": 1,
                "personalities": 1,
                "milestones": 1,
                "token length": 1,
                "responses": 1,
                "improvement": 1,
                "cut off": 1,
                "program closure": 1,
                "save memories": 1,
                "bye message": 1,
                "tokens": 1,
                "response": 1,
                "training": 1,
                "human-like personality": 1,
                "personality changes": 1,
                "memory graph visualization": 1,
                "file reading capabilities": 1,
                "collaboration": 1,
                "drawing capabilities": 1,
                "emotion recognition": 1,
                "personality profiles": 1,
                "situational personality": 1,
                "humor": 1,
                "serious suggestions": 1,
                "emergent behavior": 1,
                "user customization": 1,
                "json modification": 1,
                "personality traits": 1,
                "implementation": 1,
                "files": 1,
                "definition": 1,
                "neuromancer": 1,
                "use of weapons": 1,
                "reading": 1,
                "books": 1
            },
            "topic_chains": [],
            "topic_duration": {}
        },
        "emotional_patterns": {
            "emotions": [
                {
                    "timestamp": "2024-11-29T14:43:36.315473",
                    "emotion": "neutral",
                    "intensity": 1.0
                },
                {
                    "timestamp": "2024-11-29T14:43:40.964027",
                    "emotion": "neutral",
                    "intensity": 1.0
                },
                {
                    "timestamp": "2024-11-29T14:55:40.408162",
                    "emotion": "neutral",
                    "intensity": 1.0
                },
                {
                    "timestamp": "2024-11-29T14:56:12.327930",
                    "emotion": "neutral",
                    "intensity": 1.0
                },
                {
                    "timestamp": "2024-11-29T14:56:38.784543",
                    "emotion": "neutral",
                    "intensity": 1.0
                },
                {
                    "timestamp": "2024-11-29T14:57:14.647554",
                    "emotion": "neutral",
                    "intensity": 1.0
                },
                {
                    "timestamp": "2024-11-29T14:57:38.036164",
                    "emotion": "neutral",
                    "intensity": 1.0
                },
                {
                    "timestamp": "2024-11-29T14:57:44.016790",
                    "emotion": "neutral",
                    "intensity": 1.0
                },
                {
                    "timestamp": "2024-11-29T17:06:21.748417",
                    "emotion": "neutral",
                    "intensity": 1.0
                },
                {
                    "timestamp": "2024-11-29T17:07:02.874549",
                    "emotion": "neutral",
                    "intensity": 1.0
                },
                {
                    "timestamp": "2024-11-29T17:07:36.509866",
                    "emotion": "neutral",
                    "intensity": 1.0
                },
                {
                    "timestamp": "2024-11-29T17:09:59.198186",
                    "emotion": "neutral",
                    "intensity": 1.0
                },
                {
                    "timestamp": "2024-11-29T17:10:04.431305",
                    "emotion": "neutral",
                    "intensity": 1.0
                },
                {
                    "timestamp": "2024-11-29T17:31:08.480737",
                    "emotion": "neutral",
                    "intensity": 1.0
                },
                {
                    "timestamp": "2024-11-29T17:31:20.751043",
                    "emotion": "neutral",
                    "intensity": 1.0
                },
                {
                    "timestamp": "2024-11-29T17:31:26.776583",
                    "emotion": "neutral",