{
    "patterns": {
        "conversation_patterns": {
            "response_times": [
                135.835768,
                5.54753,
                147.810424,
                4.907601,
                333.046162,
                122.127809,
                12.37665,
                65.03113,
                3.356737,
                342.756139,
                4.300587,
                443.124111,
                3.863026,
                9959.243385,
                38.347663,
                77.37489,
                268.490345,
                60.541318,
                9.335772,
                35.165194,
                35.417154,
                48.703349,
                49.255062,
                36.241046,
                352.869185,
                5.45341,
                32.937319,
                267.981672,
                167.780535,
                101.130999,
                48.09169,
                18.909925,
                47501.329323,
                31.545004,
                27.567675,
                112.282134,
                60.68993,
                109.124206,
                61.648729,
                76.934339,
                47.759228,
                24.775858,
                5.221713,
                10709.535293,
                18.714108,
                30.319182,
                4.618859,
                1988.01149,
                46.441357
            ],
            "conversation_length": [],
            "topic_transitions": []
        },
        "topic_patterns": {
            "topic_frequency": {
                "bye": 12,
                "testing": 1,
                "communication": 2,
                "quick test": 1,
                "new test": 1,
                "bob": 1,
                "works": 1,
                "quick response": 1,
                "test": 2,
                "chat": 1,
                "bugs": 2,
                "troubleshooting": 2,
                "alternate personalities": 1,
                "consolidated memory files": 1,
                "corrupted": 1,
                "missaved": 1,
                "memory files": 1,
                "code": 1,
                "personality creation": 1,
                "epub books": 1,
                "character name": 1,
                "long term memories": 1,
                "tags": 1,
                "backups": 1,
                "chat bot": 1,
                "dungeon crawler carl": 1,
                "carl": 1,
                "dungeon idea": 1,
                "memories": 4,
                "saving issues": 1,
                "quick fix": 1,
                "debug": 1,
                "interaction": 1,
                "memory graph": 1,
                "long term memory": 1,
                "error": 1,
                "memory": 2,
                "graph": 1,
                "fixing issues": 1,
                "documentation": 1,
                "memory graphs": 1,
                "personalities": 2,
                "milestones": 1,
                "token length": 1,
                "responses": 1,
                "improvement": 1,
                "cut off": 1,
                "program closure": 1,
                "save memories": 1,
                "bye message": 1,
                "tokens": 1,
                "response": 1,
                "training": 1,
                "october 2023": 1,
                "human-like personality": 1,
                "personality changes": 1,
                "memory graph visualization": 1,
                "file reading capabilities": 1,
                "collaboration": 1,
                "drawing capabilities": 1,
                "emotion recognition": 1,
                "personality profiles": 1,
                "situational personality": 1,
                "humor": 1,
                "serious suggestions": 1,
                "emergent behavior": 1,
                "user customization": 1,
                "json modification": 1,
                "personality traits": 1,
                "implementation": 1,
                "files": 1,
                "definition": 1,
                "neuromancer": 1,
                "use of weapons": 1,
                "reading": 1,
                "books": 1,
                "greeting": 1,
                "morning": 1,
                "well-being": 1,
                "errands": 1,
                "couch": 1,
                "podcast": 1,
                "planet america": 1,
                "political circus": 1,
                "tariffs": 3,
                "trump": 3,
                "new tariffs": 1,
                "taking office": 1,
                "mexico": 1,
                "canada": 1,
                "illegal immigration": 3,
                "concessions": 1,
                "protectionism": 1,
                "voters": 1,
                "international relations": 1,
                "election": 1,
                "four years": 1,
                "deportations": 2,
                "ukraine war": 1,
                "federal government workforce": 1,
                "protests": 1,
                "usa": 1,
                "mainstream media": 2,
                "election campaign": 1,
                "msnbc viewership": 1,
                "youtube podcasters": 1,
                "joe rogan": 1,
                "alternative media": 1,
                "adaptation": 1,
                "uncertainty": 1,
                "absence": 1,
                "return": 1,
                "gym": 1,
                "coding": 1,
                "debugging": 1,
                "issue": 1,
                "bug": 2,
                "visit": 1,
                "social interaction": 1,
                "checking": 1,
                "affected": 1,
                "bot creation": 1,
                "epub": 1,
                "data corruption": 1
            },
            "topic_chains": [],
            "topic_duration": {}
        },
        "emotional_patterns": {
            "emotions": [
                {
                    "timestamp": "2024-11-29T17:52:20.192467",
                    "emotion": "neutral",
                    "intensity": 1.0
                },
                {
                    "timestamp": "2024-11-29T17:54:36.028235",
                    "emotion": "neutral",
                    "intensity": 1.0
                },
                {
                    "timestamp": "2024-11-29T17:54:41.575765",
                    "emotion": "neutral",
                    "intensity": 1.0
                },
                {
                    "timestamp": "2024-11-29T17:57:09.386189",
                    "emotion": "neutral",
                    "intensity": 1.0
                },
                {
                    "timestamp": "2024-11-29T17:57:14.293790",
                    "emotion": "neutral",
                    "intensity": 1.0
                },
                {
                    "timestamp": "2024-11-29T18:02:47.339952",
                    "emotion": "neutral",
                    "intensity": 1.0
                },
                {
                    "timestamp": "2024-11-29T18:04:49.467761",
                    "emotion": "neutral",
                    "intensity": 1.0
                },
                {
                    "timestamp": "2024-11-29T18:05:01.844411",
                    "emotion": "neutral",
                    "intensity": 1.0
                },
                {
                    "timestamp": "2024-11-29T18:06:06.875541",
                    "emotion": "neutral",
                    "intensity": 1.0
                },
                {
                    "timestamp": "2024-11-29T18:06:10.232278",
                    "emotion": "neutral",
                    "intensity": 1.0
                },
                {
                    "timestamp": "2024-11-29T18:11:52.988417",
                    "emotion": "neutral",