{
    "patterns": {
        "conversation_patterns": {
            "response_times": [
                41.881198,
                5.264568,
                484.683911,
                10.447626,
                271.98369,
                7.606871,
                1594.172821,
                26.105557,
                22.380509,
                16.770737,
                22.092744,
                45.781706,
                30.760097,
                23.448121,
                12.390077,
                2924.014912,
                28.589,
                12.861287,
                8.619535,
                150.336965,
                8.952975,
                17.770528,
                8.562744,
                90.508506,
                9.008742,
                12.409549,
                34.836474,
                25.118197,
                15.052381,
                22.570367,
                10.259426,
                175.950416,
                110.052568,
                12.568653,
                4.95789,
                5331.143016,
                11.494727,
                18.70593,
                48.124852,
                67.707673,
                53.263342,
                35.040445,
                117.613094,
                35.55025,
                240.637477,
                60.825513,
                8.832376,
                295.720161,
                9.77323
            ],
            "conversation_length": [],
            "topic_transitions": []
        },
        "topic_patterns": {
            "topic_frequency": {
                "memory retention": 1,
                "name recall": 1,
                "memory techniques": 1,
                "cognitive strategies": 1,
                "memory": 2,
                "bye": 9,
                "name": 5,
                "hard coding": 1,
                "ebook cataloguing": 1,
                "hard drives": 1,
                "ssds": 1,
                "hdds": 1,
                "hidden gems": 1,
                "series": 1,
                "reread": 1,
                "reading": 3,
                "book": 1,
                "use of weapons": 1,
                "literature": 1,
                "science fiction": 1,
                "iain m. banks": 1,
                "progress": 1,
                "completion": 1,
                "timeline": 1,
                "zakalwe": 1,
                "retirement": 1,
                "flashbacks": 1,
                "settling": 1,
                "murder": 1,
                "evildoer": 1,
                "reality": 1,
                "perception": 1,
                "understanding": 1,
                "change": 1,
                "uncertainty": 1,
                "memory enhancement": 1,
                "short term memory": 2,
                "long term memories": 1,
                "recall": 1,
                "testing": 2,
                "functionality": 1,
                "verification": 1,
                "technical issues": 1,
                "troubleshooting": 1,
                "short term memories": 1,
                "memory issues": 1,
                "cognitive function": 1,
                "okay another try": 1,
                "memory upgrade": 1,
                "count": 1,
                "numbers": 1,
                "positive feedback": 1,
                "memory test": 2,
                "questions": 1,
                "checking memory": 1,
                "key question": 1,
                "bob": 2,
                "response time": 1,
                "internet": 1,
                "github": 1,
                "none": 1,
                "project plan": 1,
                "enhance": 1,
                "personality json file": 1,
                "add elements": 1,
                "implementation": 1,
                "token count": 1,
                "compressing": 1,
                "to-do list": 1,
                "planning": 1,
                "thinking mechanism": 1,
                "personality adjustment": 1,
                "self-reflection": 1,
                "beta versions": 1,
                "personalities": 1,
                "memories": 1,
                "book characters": 2,
                "fictional character": 1,
                "text messages": 1,
                "emails": 1,
                "real person": 1,
                "good idea": 1,
                "trying new things": 1,
                "code": 2,
                "personality traits": 1,
                "character extraction": 1,
                "storytelling": 1,
                "program development": 1,
                "bedtime": 1,
                "late night": 1,
                "overwriting": 1
            },
            "topic_chains": [],
            "topic_duration": {}
        },
        "emotional_patterns": {
            "emotions": [
                {
                    "timestamp": "2024-11-27T17:39:44.588208",
                    "emotion": "neutral",
                    "intensity": 1.0
                },
                {
                    "timestamp": "2024-11-27T17:40:26.469406",
                    "emotion": "neutral",
                    "intensity": 1.0
                },
                {
                    "timestamp": "2024-11-27T17:40:31.733974",
                    "emotion": "neutral",
                    "intensity": 1.0
                },
                {
                    "timestamp": "2024-11-27T17:48:36.417885",
                    "emotion": "neutral",
                    "intensity": 1.0
                },
                {
                    "timestamp": "2024-11-27T17:48:46.865511",
                    "emotion": "neutral",
                    "intensity": 1.0
                },
                {
                    "timestamp": "2024-11-27T17:53:18.849201",
                    "emotion": "neutral",
                    "intensity": 1.0
                },
                {
                    "timestamp": "2024-11-27T17:53:26.456072",
                    "emotion": "neutral",
                    "intensity": 1.0
                },
                {
                    "timestamp": "2024-11-27T18:20:00.628893",
                    "emotion": "neutral",
                    "intensity": 1.0
                },
                {
                    "timestamp": "2024-11-27T18:20:26.734450",
                    "emotion": "neutral",
                    "intensity": 1.0
                },
                {
                    "timestamp": "2024-11-27T18:20:49.114959",
                    "emotion": "neutral",
                    "intensity": 1.0
                },
                {
                    "timestamp": "2024-11-27T18:21:05.885696",
                    "emotion": "neutral",
                    "intensity": 1.0
                },
                {
                    "timestamp": "2024-11-27T18:21:27.978440",
                    "emotion": "neutral",
                    "intensity": 1.0
                },
                {
                    "timestamp": "2024-11-27T18:22:13.760146",
                    "emotion": "neutral",
                    "intensity": 1.0
                },
                {
                    "timestamp": "2024-11-27T18:22:44.520243",
                    "emotion": "neutral",
                    "intensity": 1.0
                },
                {
                    "timestamp": "2024-11-27T18:23:07.968364",
                    "emotion": "neutral",
                    "intensity": 1.0
                },
                {
                    "timestamp": "2024-11-27T18:23:20.358441",
                    "emotion": "neutral",
                    "intensity": 1.0
                },
                {
                    "timestamp": "2024-11-27T19:12:04.373353",
                    "emotion": "neutral",
                    "intensity": 1.0
                },
                {
                    "timestamp": "2024-11-27T19:12:32.962353",