{
    "patterns": {
        "conversation_patterns": {
            "response_times": [
                2592000.0,
                2592000.0,
                2592000.0,
                2592000.0,
                2592000.0,
                2592000.0,
                2592000.0,
                2592000.0,
                2592000.0,
                2592000.0,
                2592000.0,
                2592000.0,
                2592000.0,
                2592000.0,
                2592000.0,
                2592000.0,
                2592000.0,
                2592000.0,
                2592000.0,
                2592000.0,
                2592000.0,
                2592000.0,
                2592000.0,
                2592000.0,
                2592000.0,
                2592000.0,
                2592000.0,
                2592000.0,
                2592000.0,
                2592000.0,
                2592000.0,
                2592000.0,
                2592000.0,
                2592000.0,
                2592000.0,
                2592000.0,
                2592000.0,
                2592000.0,
                2592000.0,
                2592000.0,
                2592000.0,
                2592000.0,
                2592000.0,
                2592000.0,
                2592000.0,
                2592000.0,
                2592000.0,
                -1692143936.243066,
                22.405651
            ],
            "conversation_length": [],
            "topic_transitions": []
        },
        "topic_patterns": {
            "topic_frequency": {
                "important decision": 2,
                "anticipation": 5,
                "challenge": 1,
                "strategy": 5,
                "realization": 6,
                "resources": 1,
                "anxiety": 1,
                "decision making": 1,
                "exploration": 1,
                "planning": 1,
                "character development": 6,
                "connection": 2,
                "miscommunication": 1,
                "frustration": 1,
                "humor": 3,
                "empathy": 1,
                "revelation": 2,
                "magic": 1,
                "loyalty": 1,
                "conflict": 2,
                "decision-making": 2,
                "internal conflict": 1,
                "significant realization": 1,
                "emotional moment": 2,
                "desire": 1,
                "trust": 1,
                "growth": 2,
                "achievement": 2,
                "resourcefulness": 1,
                "independence": 1,
                "battle": 1,
                "unity": 1,
                "loot": 2,
                "excitement": 2,
                "adventure": 3,
                "teamwork": 2,
                "emotion": 1,
                "danger": 4,
                "explosives": 1,
                "preparation": 1,
                "determination": 1,
                "focus": 1,
                "morality": 1,
                "explosion": 1,
                "survival": 4,
                "fear": 1,
                "doubt": 1,
                "reflection": 3,
                "consequences": 1,
                "friendship": 2,
                "light-hearted": 1,
                "decision": 1,
                "urgency": 3,
                "loss": 1,
                "destruction": 1,
                "sorrow": 1,
                "escape": 1,
                "despair": 1,
                "extinction": 1,
                "hopelessness": 1,
                "contemplation": 1,
                "loneliness": 1,
                "humanity": 1,
                "skill development": 1,
                "rewards": 1,
                "emotions": 1,
                "support": 1,
                "character interaction": 1,
                "concern": 2,
                "rest": 1,
                "camaraderie": 1,
                "bonding": 1,
                "companionship": 1,
                "joy": 1,
                "distraction": 1,
                "accusation": 1,
                "drama": 1,
                "group dynamics": 1,
                "confrontation": 1,
                "victory": 1,
                "violence": 1,
                "social issue": 1,
                "anger": 1,
                "vulnerability": 1,
                "desperation": 1,
                "suspense": 1,
                "leadership": 1,
                "courage": 1,
                "protection": 2,
                "responsibility": 1,
                "action": 1,
                "safety": 1,
                "bond": 1,
                "greetings": 1,
                "conversation": 1,
                "social interaction": 1
            },
            "topic_chains": [],
            "topic_duration": {}
        },
        "emotional_patterns": {
            "emotions": [
                {
                    "timestamp": "2074-09-03T16:28:54.333377",
                    "emotion": "neutral",
                    "intensity": 1.0
                },
                {
                    "timestamp": "2074-10-03T16:28:54.333377",
                    "emotion": "neutral",
                    "intensity": 1.0
                },
                {
                    "timestamp": "2074-11-02T16:28:54.333377",
                    "emotion": "neutral",
                    "intensity": 1.0
                },
                {
                    "timestamp": "2074-12-02T16:28:54.333377",
                    "emotion": "neutral",
                    "intensity": 1.0
                },
                {
                    "timestamp": "2075-01-01T16:28:54.333377",
                    "emotion": "neutral",
                    "intensity": 1.0
                },
                {
                    "timestamp": "2075-01-31T16:28:54.333377",
                    "emotion": "neutral",
                    "intensity": 1.0
                },
                {
                    "timestamp": "2075-03-02T16:28:54.333377",
                    "emotion": "neutral",
                    "intensity": 1.0
                },
                {
                    "timestamp": "2075-04-01T16:28:54.333377",
                    "emotion": "neutral",
                    "intensity": 1.0
                },
                {
                    "timestamp": "2075-05-01T16:28:54.333377",
                    "emotion": "neutral",
                    "intensity": 1.0
                },
                {
                    "timestamp": "2075-05-31T16:28:54.333377",
                    "emotion": "neutral",
                    "intensity": 1.0
                },
                {
                    "timestamp": "2075-06-30T16:28:54.333377",
                    "emotion": "neutral",
                    "intensity": 1.0
                },
                {
                    "timestamp": "2075-07-30T16:28:54.333377",
                    "emotion": "neutral",
                    "intensity": 1.0
                },
                {
                    "timestamp": "2075-08-29T16:28:54.333377",
                    "emotion": "neutral",
                    "intensity": 1.0
                },
                {
                    "timestamp": "2075-09-28T16:28:54.333377",
                    "emotion": "neutral",
                    "intensity": 1.0
                },
                {
                    "timestamp": "2075-10-28T16:28:54.333377",
                    "emotion": "neutral",
                    "intensity": 1.0
                },
                {
                    "timestamp": "2075-11-27T16:28:54.333377",
                    "emotion": "neutral",
                    "intensity": 1.0
                },
                {
                    "timestamp": "2075-12-27T16:28:54.333377",
                    "emotion": "neutral",
                    "intensity": 1.0
                },
                {
                    "timestamp": "2076-01-26T16:28:54.333377",