{
    "patterns": {
        "conversation_patterns": {
            "response_times": [
                35.040445,
                117.613094,
                35.55025,
                240.637477,
                60.825513,
                8.832376,
                295.720161,
                9.77323,
                4.114597,
                91501.175427,
                16.460861,
                23.595635,
                59.788578,
                1438.182659,
                42.288234,
                4.394677,
                32709.606574,
                3537.2341,
                60.178438,
                39.985533,
                3686.424364,
                1430.89945,
                30.963411,
                56.219615,
                38.977087,
                5.493474,
                14694.002362,
                24.472396,
                56.086143,
                81.443659,
                37.793997,
                18.74256,
                4.648554,
                719.444135,
                31.919768,
                26.456613,
                35.863011,
                23.38861,
                5.980626,
                7717.731627,
                41.126132,
                33.635317,
                142.68832,
                5.233119,
                1264.049432,
                12.270306,
                6.02554,
                1223.719009,
                23.410716
            ],
            "conversation_length": [],
            "topic_transitions": []
        },
        "topic_patterns": {
            "topic_frequency": {
                "compressing": 1,
                "to-do list": 1,
                "planning": 1,
                "thinking mechanism": 1,
                "personality adjustment": 1,
                "self-reflection": 1,
                "beta versions": 1,
                "personalities": 1,
                "memories": 1,
                "book characters": 2,
                "fictional character": 1,
                "text messages": 1,
                "emails": 1,
                "real person": 1,
                "good idea": 1,
                "trying new things": 1,
                "code": 3,
                "personality traits": 1,
                "character extraction": 1,
                "storytelling": 1,
                "program development": 1,
                "reading": 1,
                "bedtime": 1,
                "late night": 1,
                "bye": 8,
                "name": 2,
                "overwriting": 1,
                "check": 1,
                "worked": 1,
                "hello": 1,
                "greetings": 2,
                "coding": 3,
                "project": 1,
                "data analysis": 2,
                "api integration": 1,
                "troubleshooting": 2,
                "apis": 1,
                "webserver": 1,
                "youtube video captions": 1,
                "openai": 1,
                "video summary": 1,
                "success": 1,
                "web interface": 1,
                "ios app": 1,
                "chat": 2,
                "tomorrow": 1,
                "going to bed": 1,
                "time": 1,
                "soccer markets": 1,
                "betfair api": 1,
                "inferring scores": 1,
                "current odds": 1,
                "predictive modelling": 1,
                "cgmbet": 1,
                "data set": 1,
                "odds prediction": 1,
                "value bets": 1,
                "ethics": 1,
                "betfair exchange": 1,
                "terms and services": 1,
                "automation": 1,
                "live data collection": 1,
                "data acquisition": 1,
                "game analysis": 1,
                "time points": 1,
                "data cleaning": 1,
                "data normalization": 1,
                "api usage": 1,
                "scoring": 1,
                "claude": 1,
                "chatgpt": 1,
                "problem-solving": 1,
                "memory recall": 1,
                "improvement": 1,
                "graphing memory function": 1,
                "plot memories": 1,
                "clusters of similarities": 1,
                "tagging system": 1,
                "memory upgrade": 2,
                "communication": 1,
                "technology": 1,
                "graphed system": 1,
                "logs review": 1,
                "interactions": 1,
                "long term memories": 4,
                "decision making": 2,
                "short term memories": 2,
                "memory management": 1,
                "user preferences": 1,
                "numerical value": 1,
                "task completion": 1,
                "time management": 1,
                "git": 1,
                "coffee": 4,
                "milk": 1,
                "simplicity": 1,
                "substack": 1,
                "youtube comment summariser": 1,
                "thinking": 1,
                "memory restoration": 1,
                "memory": 2,
                "honey": 1,
                "substack article": 1,
                "publishing": 1,
                "youtube video summarisation": 1,
                "download captions": 1,
                "openai api": 1,
                "testing": 1,
                "data": 1,
                "october 2023": 1,
                "memory saving": 1,
                "long term memory": 1,
                "memory function": 1,
                "bugs": 1,
                "software development": 1
            },
            "topic_chains": [],
            "topic_duration": {}
        },
        "emotional_patterns": {
            "emotions": [
                {
                    "timestamp": "2024-11-27T20:56:53.799096",
                    "emotion": "neutral",
                    "intensity": 1.0
                },
                {
                    "timestamp": "2024-11-27T20:57:28.839541",
                    "emotion": "neutral",
                    "intensity": 1.0
                },
                {
                    "timestamp": "2024-11-27T20:59:26.452635",
                    "emotion": "neutral",
                    "intensity": 1.0
                },
                {
                    "timestamp": "2024-11-27T21:00:02.002885",
                    "emotion": "neutral",
                    "intensity": 1.0
                },
                {
                    "timestamp": "2024-11-27T21:04:02.640362",
                    "emotion": "neutral",
                    "intensity": 1.0
                },
                {
                    "timestamp": "2024-11-27T21:05:03.465875",
                    "emotion": "neutral",
                    "intensity": 1.0
                },
                {
                    "timestamp": "2024-11-27T21:05:12.298251",
                    "emotion": "neutral",
                    "intensity": 1.0
                },
                {
                    "timestamp": "2024-11-27T21:10:08.018412",
                    "emotion": "neutral",
                    "intensity": 1.0
                },
                {
                    "timestamp": "2024-11-27T21:10:17.791642",
                    "emotion": "neutral",
                    "intensity": 1.0
                },
                {
                    "timestamp": "2024-11-27T21:10:21.906239",
                    "emotion": "neutral",
                    "intensity": 1.0
                },
                {
                    "timestamp": "2024-11-28T22:35:23.081666",
                    "emotion": "neutral",
                    "intensity": 1.0
                },
                {
                    "timestamp": "2024-11-28T22:35:39.542527",
                    "emotion": "neutral",
                    "intensity": 1.0
                },
                {
                    "timestamp": "2024-11-28T22:36:03.138162",