{
    "patterns": {
        "conversation_patterns": {
            "response_times": [
                14.968256,
                30.753067,
                4.649535,
                378.313336,
                14.972885,
                20.647141,
                3.470408,
                94.092544,
                17.672315,
                9.518791,
                8.903451,
                8.915343,
                515.259362,
                72.273365,
                152.621122,
                8.878546,
                9.359408,
                309.839686,
                13.023711,
                6.966887,
                174.855647,
                8.457864,
                6.028928,
                1278.540254,
                5.032474,
                520.445366,
                14.82766,
                70175.692026,
                32.451065,
                225.797671,
                408.485697,
                6.785268,
                766.25801,
                445.392807,
                70.002433,
                55.381457,
                295.003484,
                77.988383,
                7.937072,
                196957.964125,
                11.813636,
                344.700655,
                23.942436,
                18.881326,
                39513.241387,
                11.869621,
                1319.187796,
                21.330266,
                79.891692
            ],
            "conversation_length": [],
            "topic_transitions": []
        },
        "topic_patterns": {
            "topic_frequency": {
                "chat": 2,
                "saved": 1,
                "mindfulness": 1,
                "thoughts": 1,
                "mental health": 1,
                "self-reflection": 1,
                "carl": 2,
                "departure": 1,
                "bye": 16,
                "bug": 2,
                "dungeon": 1,
                "experience": 1,
                "bad holidays": 1,
                "memory saving": 4,
                "long term memories": 3,
                "princess donut": 1,
                "bugs": 1,
                "popping in and out": 1,
                "testing": 5,
                "experimentation": 1,
                "test": 2,
                "tests": 1,
                "functionality": 1,
                "validation": 1,
                "return": 1,
                "data training": 1,
                "october 2023": 1,
                "quick test": 2,
                "carl1": 1,
                "conversation": 2,
                "fix": 1,
                "communication": 3,
                "debugging": 1,
                "memory": 1,
                "memory graph": 1,
                "technology": 1,
                "backup": 1,
                "quick starts": 1,
                "quick exits": 1,
                "diagnostic": 1,
                "working": 1,
                "plans": 1,
                "reflection": 1,
                "greetings": 1,
                "morning": 1,
                "blogging": 1,
                "breakfast": 1,
                "morning routine": 1,
                "diagnostic panel": 1
            },
            "topic_chains": [],
            "topic_duration": {}
        },
        "emotional_patterns": {
            "emotions": [
                {
                    "timestamp": "2024-11-29T17:20:01.607826",
                    "emotion": "neutral",
                    "intensity": 1.0
                },
                {
                    "timestamp": "2024-11-29T17:20:16.576082",
                    "emotion": "neutral",
                    "intensity": 1.0
                },
                {
                    "timestamp": "2024-11-29T17:20:47.329149",
                    "emotion": "joy",
                    "intensity": 1.5
                },
                {
                    "timestamp": "2024-11-29T17:20:51.978684",
                    "emotion": "neutral",
                    "intensity": 1.0
                },
                {
                    "timestamp": "2024-11-29T17:27:10.292020",
                    "emotion": "neutral",
                    "intensity": 1.0
                },
                {
                    "timestamp": "2024-11-29T17:27:25.264905",
                    "emotion": "neutral",
                    "intensity": 1.0
                },
                {
                    "timestamp": "2024-11-29T17:27:45.912046",
                    "emotion": "neutral",
                    "intensity": 1.0
                },
                {
                    "timestamp": "2024-11-29T17:27:49.382454",
                    "emotion": "neutral",
                    "intensity": 1.0
                },
                {
                    "timestamp": "2024-11-29T17:29:23.474998",
                    "emotion": "neutral",
                    "intensity": 1.0
                },
                {
                    "timestamp": "2024-11-29T17:29:41.147313",
                    "emotion": "neutral",
                    "intensity": 1.0
                },
                {
                    "timestamp": "2024-11-29T17:29:50.666104",
                    "emotion": "neutral",
                    "intensity": 1.0
                },
                {
                    "timestamp": "2024-11-29T17:29:59.569555",
                    "emotion": "neutral",
                    "intensity": 1.0
                },
                {
                    "timestamp": "2024-11-29T17:30:08.484898",
                    "emotion": "neutral",
                    "intensity": 1.0
                },
                {
                    "timestamp": "2024-11-29T17:38:43.744260",
                    "emotion": "neutral",
                    "intensity": 1.0
                },
                {
                    "timestamp": "2024-11-29T17:39:56.017625",
                    "emotion": "neutral",
                    "intensity": 1.0
                },
                {
                    "timestamp": "2024-11-29T17:42:28.638747",
                    "emotion": "neutral",
                    "intensity": 1.0
                },
                {
                    "timestamp": "2024-11-29T17:42:37.517293",
                    "emotion": "neutral",
                    "intensity": 1.0
                },
                {
                    "timestamp": "2024-11-29T17:42:46.876701",
                    "emotion": "neutral",
                    "intensity": 1.0
                },
                {
                    "timestamp": "2024-11-29T17:47:56.716387",
                    "emotion": "neutral",
                    "intensity": 1.0
                },
                {
                    "timestamp": "2024-11-29T17:48:09.740098",
                    "emotion": "neutral",
                    "intensity": 1.0
                },
                {
                    "timestamp": "2024-11-29T17:48:16.706985",
                    "emotion": "neutral",
                    "intensity": 1.0
                },
                {
                    "timestamp": "2024-11-29T17:51:11.562632",
                    "emotion": "neutral",
                    "intensity": 1.0
                },
                {
                    "timestamp": "2024-11-29T17:51:20.020496",
                    "emotion": "neutral",
                    "intensity": 1.0
                },
                {
                    "timestamp": "2024-11-29T17:51:26.049424",
                    "emotion": "neutral",
                    "intensity": 1.0
                },
                {
                    "timestamp": "2024-11-29T18:12:44.589678",
                    "emotion": "neutral",
                    "intensity": 1.0
                },
                {
                    "timestamp": "2024-11-29T18:12:49.622152",
                    "emotion": "neutral",