{
    "patterns": {
        "conversation_patterns": {
            "response_times": [
                1988.01149,
                46.441357,
                22.378773,
                4.859028,
                25201.054144,
                21.218034,
                27.394902,
                58.241638,
                75.358242,
                23.710682,
                4.845453,
                105.203196,
                12.462999,
                30.081758,
                7.581774,
                131161.534511,
                55.362321,
                61.277861,
                65.739243,
                15.641883,
                1460.055457,
                21.378191,
                22.392615,
                8.320762,
                2280.172647,
                145.913132,
                63.985138,
                1630.975925,
                10381.015816,
                32.316357,
                22.952377,
                55.377893,
                888.328908,
                58.465483,
                28.230443,
                49.392491,
                82.127563,
                2840.936081,
                968.962942,
                1005.142528,
                704.414821,
                27.942472,
                36.715377,
                51.572397,
                5.312589,
                912.686687,
                11.273364,
                11.375518,
                17.304017
            ],
            "conversation_length": [],
            "topic_transitions": []
        },
        "topic_patterns": {
            "topic_frequency": {
                "bye": 10,
                "bug": 1,
                "checking": 1,
                "affected": 1,
                "bot creation": 1,
                "epub": 2,
                "memories": 2,
                "data corruption": 1,
                "ideas": 1,
                "feedback": 3,
                "follow-up": 1,
                "greetings": 4,
                "conversation": 2,
                "well-being": 1,
                "time": 1,
                "morning": 1,
                "task": 1,
                "awareness": 1,
                "response improvement": 1,
                "memory access": 1,
                "emotional awareness": 3,
                "temporal awareness": 2,
                "personality file": 2,
                "personality": 1,
                "human-like interaction": 1,
                "temporally aware": 1,
                "communication": 2,
                "user experience": 1,
                "file change": 1,
                "code changes": 1,
                "awareness of time": 1,
                "overtime": 1,
                "tests": 1,
                "hello": 1,
                "code development": 1,
                "temporal context": 1,
                "web ui": 1,
                "functionality upgrade": 1,
                "django": 1,
                "react": 1,
                "web development": 1,
                "front-end frameworks": 1,
                "back-end frameworks": 1,
                "user interface": 1,
                "single-page applications": 1,
                "javascript": 1,
                "component-based architecture": 1,
                "ui": 1,
                "test environment": 1,
                "testing": 3,
                "chat": 2,
                "response format": 1,
                "end chat button": 1,
                "git": 1,
                "backup": 1,
                "exit button": 1,
                "bye command": 1,
                "buttons": 2,
                "new personalities": 1,
                "text file": 1,
                "messages": 1,
                "tweets": 1,
                "the prefect": 1,
                "alastair reynolds": 1,
                "beta versions of people": 1,
                "personality creation": 1,
                "epubs": 1,
                "default personality templates": 1,
                "beta version feedback": 1,
                "name": 1,
                "memory": 1,
                "data": 1,
                "october 2023": 1,
                "error analysis": 1,
                "problem identification": 1,
                "troubleshooting": 1,
                "failure analysis": 1,
                "perseverance": 1,
                "achievement": 1,
                "resolution": 1,
                "preventing memory issues": 1,
                "name retention": 1,
                "communication strategies": 1,
                "memory enhancement techniques": 1,
                "key \"dos\" section": 1,
                "persistent storage": 1,
                "neuromancer": 1,
                "1980s": 1,
                "science fiction": 1,
                "cyberpunk": 2,
                "william gibson": 1,
                "book review": 1,
                "reading experience": 1,
                "literary analysis": 1,
                "historical context": 1,
                "writing style": 1,
                "ai": 1,
                "technology": 1,
                "internet": 1,
                "future concepts": 1,
                "current trajectory": 1,
                "chase": 1,
                "dixie": 1,
                "virtual download": 1,
                "technology dependence": 1,
                "cyberverse": 1,
                "social media connection": 1,
                "informal communication": 1,
                "diagnostic output": 1,
                "web interface": 1,
                "performance": 1,
                "errors": 1,
                "visual graph": 1,
                "good ideas": 1,
                "return": 1,
                "dinner": 1,
                "cooking": 1,
                "roast chicken": 1,
                "roast vegetables": 1,
                "good idea": 1,
                "back later": 1
            },
            "topic_chains": [],
            "topic_duration": {}
        },
        "emotional_patterns": {
            "emotions": [
                {
                    "timestamp": "2024-11-30T13:53:19.611635",
                    "emotion": "neutral",
                    "intensity": 1.0
                },
                {
                    "timestamp": "2024-11-30T14:26:27.623125",
                    "emotion": "neutral",
                    "intensity": 1.0
                },
                {
                    "timestamp": "2024-11-30T14:27:14.064482",
                    "emotion": "sadness",
                    "intensity": 1.3
                },
                {
                    "timestamp": "2024-11-30T14:27:36.443255",
                    "emotion": "joy",
                    "intensity": 1.5
                },
                {
                    "timestamp": "2024-11-30T14:27:41.302283",
                    "emotion": "neutral",
                    "intensity": 1.0
                },
                {
                    "timestamp": "2024-11-30T21:27:42.356427",
                    "emotion": "neutral",
                    "intensity": 1.0
                },
                {
                    "timestamp": "2024-11-30T21:28:03.574461",
                    "emotion": "neutral",
                    "intensity": 1.0
                },
                {
                    "timestamp": "2024-11-30T21:28:30.969363",
                    "emotion": "neutral",
                    "intensity": 1.0
                },
                {
                    "timestamp": "2024-11-30T21:29:29.211001",
                    "emotion": "joy",
                    "intensity": 1.5
                },
                {
                    "timestamp": "2024-11-30T21:30:44.569243",
                    "emotion": "joy",
                    "intensity": 1.5
                },
                {
                    "timestamp": "2024-11-30T21:31:08.279925",
                    "emotion": "joy",